,사고번호,사고일시,요일,시군구,사고내용,사망자수,중상자수,경상자수,부상신고자수,사고유형,법규위반,노면상태,기상상태,도로형태,가해운전자 차종,가해운전자 성별,가해운전자 연령,가해운전자 상해정도,피해운전자 차종,피해운전자 성별,피해운전자 연령,피해운전자 상해정도
3285,2020012300100011,2020년 1월 23일 00시,목요일,전라북도 전주시 덕진구 인후동1가,경상사고,0,0,1,0,차대사람 - 횡단중,보행자보호의무위반,포장 - 젖음/습기,비,단일로 - 기타,이륜,남,24세,상해없음,보행자,남,47세,경상
3286,2020012300100012,2020년 1월 23일 00시,목요일,전라북도 전주시 덕진구 여의동,경상사고,0,0,1,0,차대사람 - 기타,안전운전불이행,포장 - 젖음/습기,비,교차로 - 교차로안,기타불명,기타불명,미분류,기타불명,보행자,남,23세,경상
3287,2020012300100181,2020년 1월 23일 10시,목요일,전라북도 진안군 진안읍,중상사고,0,1,0,0,차대사람 - 횡단중,안전운전불이행,포장 - 젖음/습기,흐림,교차로 - 교차로안,승용,남,80세,상해없음,보행자,여,75세,중상
3288,2020012300100355,2020년 1월 23일 14시,목요일,전라북도 익산시 마동,중상사고,0,1,0,0,차대사람 - 보도통행중,보행자보호의무위반,포장 - 건조,맑음,교차로 - 교차로횡단보도내,승용,남,35세,상해없음,보행자,여,79세,중상
3289,2020012300100578,2020년 1월 23일 18시,목요일,전라북도 정읍시 정우면,중상사고,0,1,0,0,차대사람 - 차도통행중,안전운전불이행,포장 - 건조,맑음,교차로 - 교차로안,화물,남,67세,상해없음,보행자,남,85세,중상
3290,2020012300100628,2020년 1월 23일 19시,목요일,전라북도 남원시 쌍교동,중상사고,0,1,1,0,차대사람 - 횡단중,보행자보호의무위반,포장 - 건조,맑음,교차로 - 교차로횡단보도내,화물,남,67세,상해없음,보행자,남,68세,중상
3291,2020012300100758,2020년 1월 23일 23시,목요일,전라북도 전주시 덕진구 송천동2가,경상사고,0,0,1,0,차대사람 - 횡단중,안전운전불이행,포장 - 건조,맑음,단일로 - 기타,승용,남,30세,상해없음,보행자,남,17세,경상
3292,2020012400100015,2020년 1월 24일 00시,금요일,전라북도 전주시 덕진구 덕진동1가,경상사고,0,0,1,0,차대사람 - 차도통행중,안전운전불이행,포장 - 건조,맑음,단일로 - 기타,승용,남,54세,상해없음,보행자,남,31세,경상
3293,2020012400100125,2020년 1월 24일 10시,금요일,전라북도 익산시 동산동,경상사고,0,0,1,0,차대사람 - 횡단중,안전운전불이행,포장 - 건조,맑음,교차로 - 교차로안,승용,남,44세,상해없음,보행자,여,8세,경상
3294,2020012400100266,2020년 1월 24일 15시,금요일,전라북도 익산시 모현동1가,중상사고,0,1,0,0,차대사람 - 차도통행중,안전운전불이행,포장 - 건조,맑음,교차로 - 교차로안,승용,남,60세,상해없음,보행자,남,60세,중상
3295,2020012400100373,2020년 1월 24일 19시,금요일,전라북도 남원시 도통동,경상사고,0,0,1,0,차대사람 - 차도통행중,안전운전불이행,포장 - 건조,맑음,교차로 - 교차로안,승용,남,54세,기타불명,보행자,여,21세,경상
3296,2020012500100340,2020년 1월 25일 22시,토요일,전라북도 군산시 경장동,경상사고,0,0,1,0,차대사람 - 기타,안전운전불이행,포장 - 건조,맑음,단일로 - 기타,기타불명,기타불명,미분류,기타불명,보행자,남,55세,경상
3297,2020012500100341,2020년 1월 25일 22시,토요일,전라북도 익산시 마동,경상사고,0,0,1,0,차대사람 - 횡단중,안전운전불이행,포장 - 건조,맑음,단일로 - 기타,승용,남,26세,상해없음,보행자,남,40세,경상
3298,2020012600100261,2020년 1월 26일 19시,일요일,전라북도 전주시 덕진구 반월동,중상사고,0,1,0,0,차대사람 - 횡단중,신호위반,포장 - 건조,맑음,교차로 - 교차로횡단보도내,이륜,남,23세,상해없음,보행자,여,55세,중상
3299,2020012700100069,2020년 1월 27일 05시,월요일,전라북도 군산시 구암동,사망사고,1,0,0,0,차대사람 - 차도통행중,안전운전불이행,포장 - 젖음/습기,비,단일로 - 지하차도(도로)내,화물,남,70세,상해없음,보행자,남,60세,사망
3300,2020012700100335,2020년 1월 27일 19시,월요일,전라북도 군산시 나운동,경상사고,0,0,1,0,차대사람 - 횡단중,안전운전불이행,포장 - 젖음/습기,비,교차로 - 교차로부근,승용,남,47세,상해없음,보행자,남,29세,경상
3301,2020012800100128,2020년 1월 28일 09시,화요일,전라북도 전주시 덕진구 인후동1가,경상사고,0,0,1,0,차대사람 - 횡단중,신호위반,포장 - 건조,맑음,교차로 - 교차로횡단보도내,승용,여,67세,상해없음,보행자,여,17세,경상
3302,2020012800100307,2020년 1월 28일 15시,화요일,전라북도 정읍시 수성동,중상사고,0,1,0,0,차대사람 - 횡단중,안전운전불이행,포장 - 건조,맑음,교차로 - 교차로부근,승용,남,74세,상해없음,보행자,남,14세,중상
3303,2020012800100334,2020년 1월 28일 16시,화요일,전라북도 전주시 덕진구 송천동1가,중상사고,0,1,0,0,차대사람 - 횡단중,보행자보호의무위반,포장 - 건조,맑음,교차로 - 교차로횡단보도내,화물,남,55세,상해없음,보행자,남,10세,중상
3304,2020012800100391,2020년 1월 28일 18시,화요일,전라북도 전주시 완산구 태평동,중상사고,0,1,1,0,차대사람 - 기타,안전운전불이행,포장 - 건조,맑음,단일로 - 기타,이륜,남,71세,경상,보행자,여,55세,중상
3305,2020012800100504,2020년 1월 28일 22시,화요일,전라북도 전주시 덕진구 인후동1가,경상사고,0,0,1,0,차대사람 - 길가장자리구역통행중,안전운전불이행,포장 - 건조,맑음,교차로 - 교차로안,승용,남,59세,기타불명,보행자,남,58세,경상
3306,2020012900100205,2020년 1월 29일 12시,수요일,전라북도 전주시 덕진구 금암동,경상사고,0,0,1,0,차대사람 - 길가장자리구역통행중,안전운전불이행,포장 - 건조,맑음,단일로 - 기타,승용,여,41세,상해없음,보행자,여,31세,경상
3307,2020012900100230,2020년 1월 29일 13시,수요일,전라북도 무주군 무주읍,중상사고,0,1,0,0,차대사람 - 횡단중,안전운전불이행,포장 - 건조,흐림,단일로 - 지하차도(도로)내,승용,여,58세,상해없음,보행자,여,45세,중상
3308,2020012900100255,2020년 1월 29일 14시,수요일,전라북도 정읍시 수성동,중상사고,0,1,0,0,차대사람 - 차도통행중,안전운전불이행,포장 - 건조,흐림,교차로 - 교차로안,승용,남,38세,상해없음,보행자,여,74세,중상
3309,2020012900100286,2020년 1월 29일 15시,수요일,전라북도 남원시 이백면,중상사고,0,1,0,0,차대사람 - 기타,안전운전불이행,포장 - 건조,흐림,단일로 - 기타,화물,남,79세,상해없음,보행자,여,59세,중상
3310,2020012900100385,2020년 1월 29일 18시,수요일,전라북도 익산시 영등동,경상사고,0,0,1,0,차대사람 - 횡단중,안전운전불이행,포장 - 건조,맑음,단일로 - 기타,화물,남,28세,상해없음,보행자,남,61세,경상
3311,2020013000100040,2020년 1월 30일 05시,목요일,전라북도 익산시 목천동,경상사고,0,0,1,0,차대사람 - 횡단중,안전운전불이행,포장 - 건조,맑음,교차로 - 교차로안,승용,여,60세,상해없음,보행자,남,48세,경상
3312,2020013000100082,2020년 1월 30일 07시,목요일,전라북도 전주시 덕진구 덕진동2가,사망사고,1,0,0,0,차대사람 - 횡단중,신호위반,포장 - 건조,맑음,교차로 - 교차로안,건설기계,남,53세,상해없음,보행자,여,82세,사망
3313,2020013000100316,2020년 1월 30일 14시,목요일,전라북도 김제시 요촌동,경상사고,0,0,1,0,차대사람 - 길가장자리구역통행중,안전운전불이행,포장 - 건조,맑음,교차로 - 교차로안,승용,남,61세,상해없음,보행자,여,86세,경상
3314,2020013100100179,2020년 1월 31일 11시,금요일,전라북도 전주시 완산구 효자동3가,경상사고,0,0,1,0,차대사람 - 기타,안전운전불이행,포장 - 건조,맑음,단일로 - 기타,승합,남,50세,상해없음,보행자,남,72세,경상
3315,2020013100100210,2020년 1월 31일 12시,금요일,전라북도 정읍시 수성동,중상사고,0,1,0,0,차대사람 - 횡단중,안전운전불이행,포장 - 건조,맑음,교차로 - 교차로부근,승용,남,41세,상해없음,보행자,여,83세,중상
3316,2020013100100453,2020년 1월 31일 19시,금요일,전라북도 남원시 향교동,경상사고,0,0,1,0,차대사람 - 기타,안전운전불이행,포장 - 건조,맑음,단일로 - 기타,승용,여,61세,상해없음,보행자,남,64세,경상
3317,2020020100100125,2020년 2월 1일 10시,토요일,전라북도 완주군 봉동읍,사망사고,1,0,0,0,차대사람 - 기타,안전운전불이행,포장 - 건조,흐림,교차로 - 교차로안,화물,남,47세,상해없음,보행자,남,81세,사망
3318,2020020100100301,2020년 2월 1일 16시,토요일,전라북도 남원시 하정동,중상사고,0,1,0,0,차대사람 - 횡단중,보행자보호의무위반,포장 - 건조,맑음,교차로 - 교차로횡단보도내,승용,남,31세,상해없음,보행자,여,52세,중상
3319,2020020100100347,2020년 2월 1일 18시,토요일,전라북도 익산시 영등동,경상사고,0,0,1,0,차대사람 - 보도통행중,보행자보호의무위반,포장 - 건조,맑음,교차로 - 교차로횡단보도내,승용,남,54세,상해없음,보행자,여,19세,경상
3320,2020020200100371,2020년 2월 2일 21시,일요일,전라북도 전주시 완산구 효자동2가,경상사고,0,0,2,0,차대사람 - 횡단중,안전운전불이행,포장 - 건조,맑음,교차로 - 교차로횡단보도내,승용,남,32세,상해없음,보행자,남,53세,경상
3321,2020020300100018,2020년 2월 3일 05시,월요일,전라북도 군산시 소룡동,사망사고,1,0,0,0,차대사람 - 횡단중,보행자보호의무위반,포장 - 젖음/습기,흐림,교차로 - 교차로횡단보도내,화물,남,69세,상해없음,보행자,여,75세,사망
3322,2020020300100157,2020년 2월 3일 10시,월요일,전라북도 전주시 완산구 효자동2가,중상사고,0,1,0,0,차대사람 - 횡단중,신호위반,포장 - 건조,맑음,교차로 - 교차로횡단보도내,승용,여,47세,상해없음,보행자,여,70세,중상
3323,2020020300100579,2020년 2월 3일 22시,월요일,전라북도 정읍시 수성동,경상사고,0,0,1,0,차대사람 - 횡단중,보행자보호의무위반,포장 - 건조,맑음,교차로 - 교차로횡단보도내,승합,남,54세,상해없음,보행자,여,60세,경상
3324,2020020400100133,2020년 2월 4일 09시,화요일,전라북도 군산시 수송동,경상사고,0,0,1,0,차대사람 - 횡단중,보행자보호의무위반,포장 - 건조,맑음,교차로 - 교차로횡단보도내,승용,남,64세,상해없음,보행자,여,76세,경상
3325,2020020400100170,2020년 2월 4일 10시,화요일,전라북도 정읍시 수성동,중상사고,0,1,0,0,차대사람 - 횡단중,안전운전불이행,포장 - 건조,맑음,교차로 - 교차로안,승용,남,73세,상해없음,보행자,여,77세,중상
3326,2020020500100257,2020년 2월 5일 12시,수요일,전라북도 전주시 완산구 중노송동,중상사고,0,1,0,0,차대사람 - 횡단중,보행자보호의무위반,포장 - 건조,맑음,교차로 - 교차로안,승용,여,52세,상해없음,보행자,여,71세,중상
3327,2020020500100484,2020년 2월 5일 18시,수요일,전라북도 익산시 신동,경상사고,0,0,1,0,차대사람 - 보도통행중,보행자보호의무위반,포장 - 건조,맑음,교차로 - 교차로횡단보도내,이륜,남,53세,상해없음,보행자,여,14세,경상
3328,2020020500100548,2020년 2월 5일 19시,수요일,전라북도 전주시 완산구 효자동1가,중상사고,0,1,0,0,차대사람 - 기타,안전운전불이행,포장 - 건조,맑음,단일로 - 기타,화물,남,57세,상해없음,보행자,여,54세,중상
3329,2020020500100549,2020년 2월 5일 19시,수요일,전라북도 전주시 완산구 중화산동1가,중상사고,0,1,0,0,차대사람 - 횡단중,보행자보호의무위반,포장 - 건조,맑음,교차로 - 교차로안,승용,남,54세,상해없음,보행자,남,24세,중상
3330,2020020500100550,2020년 2월 5일 19시,수요일,전라북도 군산시 수송동,경상사고,0,0,1,0,차대사람 - 횡단중,보행자보호의무위반,포장 - 건조,맑음,교차로 - 교차로안,승용,여,47세,상해없음,보행자,여,48세,경상
3331,2020020600100165,2020년 2월 6일 09시,목요일,전라북도 전주시 덕진구 여의동,중상사고,0,1,0,0,차대사람 - 길가장자리구역통행중,안전운전불이행,포장 - 건조,맑음,단일로 - 기타,화물,남,57세,상해없음,보행자,여,67세,중상
3332,2020020600100232,2020년 2월 6일 11시,목요일,전라북도 전주시 덕진구 금암동,경상사고,0,0,1,0,차대사람 - 길가장자리구역통행중,안전운전불이행,포장 - 건조,맑음,교차로 - 교차로안,승합,남,44세,상해없음,보행자,남,58세,경상
3333,2020020700100075,2020년 2월 7일 06시,금요일,전라북도 전주시 완산구 평화동2가,중상사고,0,1,0,0,차대사람 - 횡단중,보행자보호의무위반,포장 - 건조,맑음,교차로 - 교차로안,화물,남,34세,상해없음,보행자,여,43세,중상
3334,2020020700100076,2020년 2월 7일 06시,금요일,전라북도 익산시 송학동,경상사고,0,0,1,0,차대사람 - 횡단중,안전운전불이행,포장 - 건조,맑음,교차로 - 교차로안,승용,여,52세,상해없음,보행자,여,53세,경상
3335,2020020700100098,2020년 2월 7일 07시,금요일,전라북도 군산시 삼학동,중상사고,0,1,0,0,차대사람 - 기타,보행자보호의무위반,포장 - 건조,맑음,단일로 - 기타,승합,남,44세,상해없음,보행자,남,79세,중상
3336,2020020700100223,2020년 2월 7일 11시,금요일,전라북도 정읍시 수성동,경상사고,0,0,1,0,차대사람 - 횡단중,보행자보호의무위반,포장 - 건조,맑음,교차로 - 교차로안,특수,남,22세,상해없음,보행자,남,51세,경상
3337,2020020700100439,2020년 2월 7일 17시,금요일,전라북도 익산시 중앙동3가,경상사고,0,0,1,0,차대사람 - 횡단중,안전운전불이행,포장 - 젖음/습기,흐림,교차로 - 교차로안,승용,남,43세,상해없음,보행자,남,59세,경상
3338,2020020700100605,2020년 2월 7일 20시,금요일,전라북도 익산시 오산면,경상사고,0,0,1,0,차대사람 - 차도통행중,안전운전불이행,포장 - 건조,맑음,단일로 - 기타,승용,남,64세,상해없음,보행자,남,78세,경상
3339,2020020800100018,2020년 2월 8일 00시,토요일,전라북도 군산시 수송동,경상사고,0,0,1,0,차대사람 - 기타,안전운전불이행,포장 - 건조,맑음,단일로 - 기타,승용,여,28세,상해없음,보행자,남,20세,경상
3340,2020020800100063,2020년 2월 8일 03시,토요일,전라북도 전주시 완산구 중화산동2가,사망사고,1,0,0,0,차대사람 - 횡단중,안전운전불이행,포장 - 건조,맑음,단일로 - 기타,승용,남,22세,상해없음,보행자,여,56세,사망
3341,2020020800100314,2020년 2월 8일 15시,토요일,전라북도 군산시 수송동,중상사고,0,1,0,0,차대사람 - 기타,안전운전불이행,포장 - 건조,맑음,교차로 - 교차로횡단보도내,승용,남,42세,상해없음,보행자,남,74세,중상
3342,2020020800100520,2020년 2월 8일 21시,토요일,전라북도 전주시 완산구 효자동3가,경상사고,0,0,2,0,차대사람 - 횡단중,보행자보호의무위반,포장 - 건조,맑음,교차로 - 교차로횡단보도내,승용,남,23세,상해없음,보행자,여,28세,경상
3343,2020020800100522,2020년 2월 8일 21시,토요일,전라북도 김제시 신월동,경상사고,0,0,1,0,차대사람 - 기타,안전운전불이행,포장 - 건조,맑음,단일로 - 기타,승용,남,64세,상해없음,보행자,남,66세,경상
3344,2020020900100112,2020년 2월 9일 09시,일요일,전라북도 김제시 요촌동,중상사고,0,1,0,0,차대사람 - 기타,기타,포장 - 건조,맑음,기타 - 기타,승합,남,57세,상해없음,보행자,여,81세,중상
3345,2020020900100165,2020년 2월 9일 12시,일요일,전라북도 군산시 조촌동,중상사고,0,1,0,0,차대사람 - 횡단중,보행자보호의무위반,포장 - 건조,맑음,교차로 - 교차로횡단보도내,승용,남,42세,상해없음,보행자,남,3세,중상
3346,2020021000100008,2020년 2월 10일 00시,월요일,전라북도 전주시 덕진구 호성동1가,중상사고,0,1,1,0,차대사람 - 차도통행중,안전운전불이행,포장 - 건조,맑음,교차로 - 교차로안,승용,남,29세,상해없음,보행자,여,51세,경상
3347,2020021000100091,2020년 2월 10일 07시,월요일,전라북도 고창군 무장면,중상사고,0,1,0,0,차대사람 - 횡단중,중앙선침범,포장 - 건조,맑음,기타 - 기타,화물,남,49세,상해없음,보행자,남,76세,중상
3348,2020021000100172,2020년 2월 10일 09시,월요일,전라북도 전주시 덕진구 송천동1가,중상사고,0,1,0,0,차대사람 - 길가장자리구역통행중,안전운전불이행,포장 - 건조,맑음,단일로 - 기타,승용,남,85세,상해없음,보행자,여,63세,중상
3349,2020021100100091,2020년 2월 11일 07시,화요일,전라북도 익산시 마동,경상사고,0,0,1,0,차대사람 - 횡단중,보행자보호의무위반,포장 - 건조,맑음,교차로 - 교차로횡단보도내,승용,여,47세,상해없음,보행자,여,53세,경상
3350,2020021100100093,2020년 2월 11일 07시,화요일,전라북도 김제시 금구면,경상사고,0,0,1,0,차대사람 - 횡단중,신호위반,포장 - 건조,맑음,교차로 - 교차로횡단보도내,승용,남,46세,상해없음,보행자,여,17세,경상
3351,2020021100100348,2020년 2월 11일 15시,화요일,전라북도 남원시 죽항동,경상사고,0,0,1,0,차대사람 - 기타,안전운전불이행,포장 - 건조,맑음,단일로 - 기타,승용,여,71세,상해없음,보행자,여,71세,경상
3352,2020021100100594,2020년 2월 11일 22시,화요일,전라북도 익산시 평화동,중상사고,0,1,0,0,차대사람 - 기타,보행자보호의무위반,포장 - 건조,맑음,교차로 - 교차로안,승용,남,58세,상해없음,보행자,남,65세,중상
3353,2020021200100503,2020년 2월 12일 19시,수요일,전라북도 진안군 백운면,사망사고,1,0,0,0,차대사람 - 길가장자리구역통행중,안전운전불이행,포장 - 젖음/습기,비,단일로 - 기타,화물,남,57세,상해없음,보행자,여,91세,사망
3354,2020021200100591,2020년 2월 12일 21시,수요일,전라북도 군산시 지곡동,경상사고,0,0,1,0,차대사람 - 보도통행중,기타,포장 - 젖음/습기,비,단일로 - 기타,이륜,남,23세,상해없음,보행자,여,38세,경상
3355,2020021300100050,2020년 2월 13일 06시,목요일,전라북도 전주시 완산구 효자동2가,중상사고,0,1,0,0,차대사람 - 횡단중,신호위반,포장 - 건조,흐림,교차로 - 교차로횡단보도내,화물,남,59세,상해없음,보행자,남,25세,중상
3356,2020021300100158,2020년 2월 13일 10시,목요일,전라북도 정읍시 수성동,경상사고,0,0,1,0,차대사람 - 횡단중,안전운전불이행,비포장 - 젖음/습기,비,교차로 - 교차로안,승용,여,45세,상해없음,보행자,남,85세,경상
3357,2020021400100084,2020년 2월 14일 07시,금요일,전라북도 군산시 소룡동,중상사고,0,1,0,0,차대사람 - 횡단중,안전운전불이행,포장 - 건조,맑음,교차로 - 교차로횡단보도내,승용,남,23세,상해없음,보행자,남,61세,중상
3358,2020021400100346,2020년 2월 14일 15시,금요일,전라북도 전주시 완산구 중화산동2가,중상사고,0,1,0,0,차대사람 - 횡단중,안전운전불이행,포장 - 건조,맑음,단일로 - 기타,승용,여,34세,상해없음,보행자,남,11세,중상
3359,2020021400100427,2020년 2월 14일 17시,금요일,전라북도 김제시 요촌동,중상사고,0,1,0,0,차대사람 - 보도통행중,보행자보호의무위반,포장 - 건조,맑음,교차로 - 교차로안,화물,남,60세,상해없음,보행자,남,68세,중상
3360,2020021400100477,2020년 2월 14일 18시,금요일,전라북도 전주시 완산구 삼천동1가,부상신고사고,0,0,0,1,차대사람 - 기타,안전운전불이행,포장 - 건조,맑음,기타 - 기타,승용,여,55세,기타불명,보행자,여,62세,부상신고
3361,2020021500100156,2020년 2월 15일 10시,토요일,전라북도 군산시 나운동,경상사고,0,0,1,0,차대사람 - 횡단중,보행자보호의무위반,포장 - 건조,맑음,교차로 - 교차로횡단보도내,승용,남,67세,상해없음,보행자,남,80세,경상
3362,2020021500100157,2020년 2월 15일 10시,토요일,전라북도 익산시 망성면,중상사고,0,1,0,0,차대사람 - 기타,안전운전불이행,포장 - 건조,맑음,교차로 - 교차로안,화물,남,74세,상해없음,보행자,남,81세,중상
3363,2020021500100495,2020년 2월 15일 20시,토요일,전라북도 전주시 덕진구 송천동1가,경상사고,0,0,1,0,차대사람 - 기타,안전운전불이행,포장 - 젖음/습기,비,단일로 - 기타,승용,남,40세,상해없음,보행자,남,66세,경상
3364,2020021600100259,2020년 2월 16일 14시,일요일,전라북도 정읍시 정우면,중상사고,0,1,0,0,차대사람 - 보도통행중,안전운전불이행,포장 - 젖음/습기,눈,단일로 - 지하차도(도로)내,화물,남,72세,상해없음,보행자,남,73세,중상
3365,2020021600100477,2020년 2월 16일 22시,일요일,전라북도 정읍시 수성동,경상사고,0,0,1,0,차대사람 - 횡단중,보행자보호의무위반,포장 - 젖음/습기,눈,교차로 - 교차로안,승용,남,61세,상해없음,보행자,남,51세,경상
3366,2020021700100410,2020년 2월 17일 16시,월요일,전라북도 익산시 동산동,경상사고,0,0,1,0,차대사람 - 횡단중,보행자보호의무위반,포장 - 건조,맑음,교차로 - 교차로횡단보도내,화물,남,58세,상해없음,보행자,여,8세,경상
3367,2020021800100189,2020년 2월 18일 10시,화요일,전라북도 전주시 완산구 경원동3가,경상사고,0,0,1,0,차대사람 - 기타,안전운전불이행,포장 - 건조,맑음,교차로 - 교차로부근,승합,남,65세,상해없음,보행자,여,70세,경상
3368,2020021800100228,2020년 2월 18일 11시,화요일,전라북도 부안군 부안읍,중상사고,0,1,0,0,차대사람 - 횡단중,안전운전불이행,포장 - 건조,맑음,단일로 - 기타,승용,남,71세,상해없음,보행자,여,67세,중상
3369,2020021800100554,2020년 2월 18일 18시,화요일,전라북도 익산시 신동,중상사고,0,2,0,0,차대사람 - 횡단중,보행자보호의무위반,포장 - 건조,맑음,교차로 - 교차로횡단보도내,화물,남,62세,상해없음,보행자,여,11세,중상
3370,2020021800100612,2020년 2월 18일 19시,화요일,전라북도 군산시 장재동,경상사고,0,0,1,0,차대사람 - 기타,안전운전불이행,포장 - 젖음/습기,눈,단일로 - 기타,승용,남,26세,상해없음,보행자,여,46세,경상
3371,2020021900100370,2020년 2월 19일 15시,수요일,전라북도 정읍시 연지동,경상사고,0,0,1,0,차대사람 - 보도통행중,보행자보호의무위반,포장 - 건조,맑음,단일로 - 기타,승용,남,48세,상해없음,보행자,남,6세,경상
3372,2020021900100417,2020년 2월 19일 16시,수요일,전라북도 군산시 조촌동,경상사고,0,0,1,0,차대사람 - 길가장자리구역통행중,안전운전불이행,포장 - 건조,맑음,단일로 - 기타,화물,여,43세,상해없음,보행자,여,56세,경상
3373,2020021900100463,2020년 2월 19일 17시,수요일,전라북도 군산시 나운동,경상사고,0,0,1,0,차대사람 - 기타,안전운전불이행,포장 - 건조,맑음,단일로 - 기타,승용,남,69세,상해없음,보행자,여,16세,경상
3374,2020021900100521,2020년 2월 19일 18시,수요일,전라북도 전주시 덕진구 진북동,사망사고,1,0,0,0,차대사람 - 횡단중,보행자보호의무위반,포장 - 건조,맑음,단일로 - 기타,승용,남,35세,상해없음,보행자,여,80세,사망
3375,2020021900100677,2020년 2월 19일 22시,수요일,전라북도 김제시 신풍동,중상사고,0,1,0,0,차대사람 - 횡단중,보행자보호의무위반,포장 - 건조,맑음,교차로 - 교차로안,승용,남,22세,상해없음,보행자,남,27세,중상
3376,2020021900100705,2020년 2월 19일 23시,수요일,전라북도 정읍시 수성동,경상사고,0,0,1,0,차대사람 - 횡단중,보행자보호의무위반,포장 - 건조,맑음,교차로 - 교차로횡단보도내,승용,남,27세,상해없음,보행자,남,41세,경상
3377,2020022000100163,2020년 2월 20일 09시,목요일,전라북도 전주시 완산구 중화산동2가,중상사고,0,1,0,0,차대사람 - 횡단중,안전운전불이행,포장 - 건조,맑음,교차로 - 교차로안,승합,남,65세,상해없음,보행자,여,58세,중상
3378,2020022000100195,2020년 2월 20일 10시,목요일,전라북도 군산시 수송동,경상사고,0,0,1,0,차대사람 - 기타,안전운전불이행,포장 - 건조,맑음,교차로 - 교차로부근,승용,남,56세,상해없음,보행자,여,48세,경상
3379,2020022000100422,2020년 2월 20일 16시,목요일,전라북도 익산시 남중동,경상사고,0,0,1,0,차대사람 - 차도통행중,안전운전불이행,포장 - 건조,맑음,교차로 - 교차로안,승용,남,46세,상해없음,보행자,여,36세,경상
3380,2020022000100423,2020년 2월 20일 16시,목요일,전라북도 남원시 도통동,경상사고,0,0,1,0,차대사람 - 횡단중,안전운전불이행,포장 - 건조,맑음,단일로 - 기타,화물,남,67세,상해없음,보행자,남,4세,경상
3381,2020022000100609,2020년 2월 20일 20시,목요일,전라북도 익산시 남중동,경상사고,0,0,1,0,차대사람 - 횡단중,보행자보호의무위반,포장 - 건조,맑음,교차로 - 교차로횡단보도내,승용,남,44세,상해없음,보행자,남,35세,경상
3382,2020022100100027,2020년 2월 21일 01시,금요일,전라북도 전주시 덕진구 덕진동2가,중상사고,0,1,0,0,차대사람 - 차도통행중,안전운전불이행,포장 - 건조,맑음,단일로 - 기타,승용,남,50세,상해없음,보행자,여,21세,중상
3383,2020022100100183,2020년 2월 21일 09시,금요일,전라북도 전주시 완산구 서노송동,중상사고,0,1,0,0,차대사람 - 횡단중,안전운전불이행,포장 - 건조,맑음,단일로 - 기타,승용,남,32세,상해없음,보행자,여,69세,중상
3384,2020022100100520,2020년 2월 21일 19시,금요일,전라북도 부안군 부안읍,중상사고,0,1,0,0,차대사람 - 횡단중,보행자보호의무위반,포장 - 젖음/습기,비,교차로 - 교차로횡단보도내,승용,남,48세,상해없음,보행자,여,57세,중상
3385,2020022200100373,2020년 2월 22일 18시,토요일,전라북도 익산시 모현동1가,경상사고,0,0,1,0,차대사람 - 기타,안전운전불이행,포장 - 건조,맑음,단일로 - 기타,화물,남,58세,상해없음,보행자,여,46세,경상
3386,2020022500100024,2020년 2월 25일 01시,화요일,전라북도 전주시 덕진구 우아동2가,경상사고,0,0,1,0,차대사람 - 횡단중,안전운전불이행,포장 - 젖음/습기,비,교차로 - 교차로안,승용,남,47세,상해없음,보행자,남,44세,경상
3387,2020022500100065,2020년 2월 25일 06시,화요일,전라북도 전주시 덕진구 금암동,경상사고,0,0,1,0,차대사람 - 차도통행중,안전운전불이행,포장 - 젖음/습기,비,단일로 - 기타,승용,남,61세,상해없음,보행자,남,48세,경상
3388,2020022500100383,2020년 2월 25일 19시,화요일,전라북도 전주시 덕진구 송천동1가,경상사고,0,0,1,0,차대사람 - 횡단중,안전운전불이행,포장 - 젖음/습기,비,교차로 - 교차로안,승용,여,26세,상해없음,보행자,여,68세,경상
3389,2020022700100107,2020년 2월 27일 08시,목요일,전라북도 익산시 모현동1가,경상사고,0,0,1,0,차대사람 - 횡단중,보행자보호의무위반,포장 - 건조,맑음,교차로 - 교차로안,화물,남,42세,상해없음,보행자,여,75세,경상
3390,2020022700100357,2020년 2월 27일 19시,목요일,전라북도 완주군 구이면,중상사고,0,1,0,0,차대사람 - 횡단중,안전운전불이행,포장 - 건조,맑음,단일로 - 기타,승용,남,62세,상해없음,보행자,남,78세,중상
3391,2020022800100004,2020년 2월 28일 00시,금요일,전라북도 전주시 덕진구 우아동2가,중상사고,0,1,0,0,차대사람 - 기타,보행자보호의무위반,포장 - 건조,맑음,교차로 - 교차로횡단보도내,승용,남,68세,상해없음,보행자,남,53세,중상
3392,2020030100100098,2020년 3월 1일 12시,일요일,전라북도 전주시 완산구 서서학동,중상사고,0,1,0,0,차대사람 - 횡단중,신호위반,포장 - 건조,맑음,단일로 - 기타,이륜,남,44세,상해없음,보행자,여,78세,중상
3393,2020030100100244,2020년 3월 1일 20시,일요일,전라북도 전주시 완산구 서신동,경상사고,0,0,1,0,차대사람 - 횡단중,안전운전불이행,포장 - 건조,맑음,단일로 - 기타,승용,여,42세,상해없음,보행자,여,19세,경상