,사고번호,사고일시,요일,시군구,사고내용,사망자수,중상자수,경상자수,부상신고자수,사고유형,법규위반,노면상태,기상상태,도로형태,가해운전자 차종,가해운전자 성별,가해운전자 연령,가해운전자 상해정도,피해운전자 차종,피해운전자 성별,피해운전자 연령,피해운전자 상해정도
3944,2020082100100488,2020년 8월 21일 19시,금요일,전라북도 전주시 완산구 효자동3가,경상사고,0,0,1,0,차대사람 - 횡단중,보행자보호의무위반,포장 - 건조,맑음,교차로 - 교차로횡단보도내,승용,남,63세,상해없음,보행자,여,52세,경상
3945,2020082200100094,2020년 8월 22일 07시,토요일,전라북도 군산시 대명동,경상사고,0,0,1,0,차대사람 - 기타,안전운전불이행,포장 - 건조,맑음,기타 - 기타,승용,남,58세,상해없음,보행자,여,65세,경상
3946,2020082400100364,2020년 8월 24일 15시,월요일,전라북도 군산시 경암동,경상사고,0,0,1,0,차대사람 - 횡단중,안전운전불이행,포장 - 건조,맑음,교차로 - 교차로안,화물,남,51세,상해없음,보행자,남,68세,경상
3947,2020082400100365,2020년 8월 24일 15시,월요일,전라북도 김제시 검산동,중상사고,0,1,0,0,차대사람 - 기타,안전운전불이행,포장 - 건조,맑음,주차장 - 주차장,화물,남,54세,상해없음,보행자,여,79세,중상
3948,2020082400100407,2020년 8월 24일 16시,월요일,전라북도 전주시 완산구 중화산동2가,경상사고,0,0,1,0,차대사람 - 횡단중,안전운전불이행,포장 - 건조,맑음,교차로 - 교차로안,승용,남,44세,상해없음,보행자,여,10세,경상
3949,2020082500100181,2020년 8월 25일 10시,화요일,전라북도 전주시 완산구 서신동,중상사고,0,1,0,0,차대사람 - 횡단중,안전운전불이행,포장 - 건조,맑음,교차로 - 교차로부근,승용,남,70세,상해없음,보행자,남,63세,중상
3950,2020082500100182,2020년 8월 25일 10시,화요일,전라북도 전주시 완산구 삼천동1가,중상사고,0,1,0,0,차대사람 - 횡단중,신호위반,포장 - 건조,맑음,교차로 - 교차로횡단보도내,승용,남,59세,상해없음,보행자,여,73세,중상
3951,2020082500100568,2020년 8월 25일 20시,화요일,전라북도 정읍시 소성면,경상사고,0,0,1,0,차대사람 - 길가장자리구역통행중,안전운전불이행,포장 - 건조,맑음,단일로 - 기타,이륜,남,41세,상해없음,보행자,남,58세,경상
3952,2020082600100145,2020년 8월 26일 10시,수요일,전라북도 김제시 교동,중상사고,0,1,0,0,차대사람 - 횡단중,보행자보호의무위반,포장 - 건조,맑음,교차로 - 교차로안,화물,남,78세,상해없음,보행자,남,9세,중상
3953,2020082600100270,2020년 8월 26일 14시,수요일,전라북도 전주시 덕진구 송천동2가,경상사고,0,0,1,0,차대사람 - 횡단중,안전운전불이행,포장 - 건조,맑음,교차로 - 교차로횡단보도내,화물,남,52세,상해없음,보행자,여,46세,경상
3954,2020082600100306,2020년 8월 26일 15시,수요일,전라북도 군산시 수송동,중상사고,0,1,0,0,차대사람 - 기타,안전운전불이행,포장 - 건조,흐림,단일로 - 기타,화물,남,39세,상해없음,보행자,여,87세,중상
3955,2020082600100307,2020년 8월 26일 15시,수요일,전라북도 고창군 고창읍,경상사고,0,0,1,0,차대사람 - 기타,안전운전불이행,포장 - 젖음/습기,비,주차장 - 주차장,승용,남,47세,상해없음,보행자,여,58세,경상
3956,2020082600100374,2020년 8월 26일 17시,수요일,전라북도 전주시 완산구 효자동3가,경상사고,0,0,1,0,차대사람 - 보도통행중,기타,포장 - 건조,맑음,기타 - 기타,승용,남,52세,상해없음,보행자,남,13세,경상
3957,2020082700100048,2020년 8월 27일 06시,목요일,전라북도 전주시 덕진구 진북동,경상사고,0,0,1,0,차대사람 - 횡단중,보행자보호의무위반,포장 - 건조,맑음,교차로 - 교차로횡단보도내,승용,남,65세,상해없음,보행자,남,40세,경상
3958,2020082700100096,2020년 8월 27일 08시,목요일,전라북도 전주시 덕진구 인후동1가,중상사고,0,1,0,0,차대사람 - 기타,중앙선침범,포장 - 건조,맑음,교차로 - 교차로횡단보도내,승용,남,52세,상해없음,보행자,남,69세,중상
3959,2020082700100352,2020년 8월 27일 16시,목요일,전라북도 전주시 완산구 서서학동,중상사고,0,1,0,0,차대사람 - 보도통행중,기타,포장 - 건조,맑음,단일로 - 기타,승용,남,40세,상해없음,보행자,여,70세,중상
3960,2020082800100131,2020년 8월 28일 09시,금요일,전라북도 전주시 완산구 효자동3가,경상사고,0,0,1,0,차대사람 - 횡단중,보행자보호의무위반,포장 - 건조,맑음,교차로 - 교차로횡단보도내,승용,남,57세,상해없음,보행자,여,36세,경상
3961,2020082800100429,2020년 8월 28일 17시,금요일,전라북도 남원시 향교동,중상사고,0,1,0,0,차대사람 - 차도통행중,안전운전불이행,포장 - 건조,맑음,교차로 - 교차로안,승용,여,55세,상해없음,보행자,여,57세,중상
3962,2020082800100483,2020년 8월 28일 18시,금요일,전라북도 정읍시 신정동,사망사고,1,0,0,0,차대사람 - 기타,안전운전불이행,포장 - 건조,흐림,단일로 - 기타,화물,남,51세,상해없음,보행자,여,88세,사망
3963,2020082900100496,2020년 8월 29일 20시,토요일,전라북도 전주시 덕진구 인후동1가,중상사고,0,1,0,0,차대사람 - 횡단중,안전운전불이행,포장 - 젖음/습기,비,단일로 - 기타,승용,남,51세,상해없음,보행자,남,71세,중상
3964,2020083000100066,2020년 8월 30일 06시,일요일,전라북도 전주시 완산구 서신동,경상사고,0,0,1,0,차대사람 - 기타,안전운전불이행,포장 - 건조,맑음,기타 - 기타,이륜,남,25세,상해없음,보행자,여,23세,경상
3965,2020083000100213,2020년 8월 30일 14시,일요일,전라북도 익산시 신동,중상사고,0,1,0,0,차대사람 - 횡단중,안전운전불이행,포장 - 건조,맑음,교차로 - 교차로횡단보도내,승용,남,43세,상해없음,보행자,여,70세,중상
3966,2020083100100031,2020년 8월 31일 04시,월요일,전라북도 익산시 영등동,중상사고,0,1,0,0,차대사람 - 횡단중,안전운전불이행,포장 - 건조,맑음,교차로 - 교차로안,화물,남,78세,상해없음,보행자,남,79세,중상
3967,2020083100100087,2020년 8월 31일 08시,월요일,전라북도 군산시 문화동,중상사고,0,1,0,0,차대사람 - 기타,안전운전불이행,포장 - 건조,맑음,단일로 - 기타,승용,남,41세,상해없음,보행자,여,14세,중상
3968,2020083100100271,2020년 8월 31일 14시,월요일,전라북도 전주시 완산구 고사동,경상사고,0,0,1,0,차대사람 - 기타,안전운전불이행,포장 - 젖음/습기,비,단일로 - 기타,승용,여,29세,상해없음,보행자,여,59세,경상
3969,2020083100100358,2020년 8월 31일 16시,월요일,전라북도 전주시 완산구 서신동,중상사고,0,1,0,0,차대사람 - 기타,안전운전불이행,포장 - 건조,맑음,단일로 - 기타,승용,여,31세,상해없음,보행자,남,52세,중상
3970,2020083100100360,2020년 8월 31일 16시,월요일,전라북도 군산시 미장동,경상사고,0,0,1,0,차대사람 - 횡단중,안전운전불이행,포장 - 건조,맑음,기타 - 기타,승용,여,54세,상해없음,보행자,남,7세,경상
3971,2020083100100473,2020년 8월 31일 19시,월요일,전라북도 전주시 덕진구 호성동1가,경상사고,0,0,1,0,차대사람 - 기타,안전운전불이행,포장 - 건조,맑음,교차로 - 교차로안,화물,남,45세,상해없음,보행자,남,58세,경상
3972,2020083100100558,2020년 8월 31일 22시,월요일,전라북도 전주시 완산구 효자동1가,중상사고,0,1,0,0,차대사람 - 횡단중,보행자보호의무위반,포장 - 건조,맑음,교차로 - 교차로횡단보도내,화물,남,56세,상해없음,보행자,남,51세,중상
3973,2020090100100063,2020년 9월 1일 07시,화요일,전라북도 전주시 완산구 효자동2가,중상사고,0,1,0,0,차대사람 - 기타,안전운전불이행,포장 - 건조,맑음,단일로 - 기타,승용,남,58세,상해없음,보행자,여,71세,중상
3974,2020090100100096,2020년 9월 1일 08시,화요일,전라북도 부안군 부안읍,사망사고,1,0,0,0,차대사람 - 횡단중,보행자보호의무위반,포장 - 건조,맑음,교차로 - 교차로부근,승용,남,67세,상해없음,보행자,여,80세,사망
3975,2020090100100533,2020년 9월 1일 22시,화요일,전라북도 전주시 덕진구 우아동1가,경상사고,0,0,1,0,차대사람 - 횡단중,안전운전불이행,포장 - 건조,맑음,교차로 - 교차로부근,승용,여,24세,상해없음,보행자,여,62세,경상
3976,2020090200100030,2020년 9월 2일 04시,수요일,전라북도 전주시 덕진구 여의동,중상사고,0,1,0,0,차대사람 - 횡단중,신호위반,포장 - 젖음/습기,비,교차로 - 교차로안,승용,여,57세,상해없음,보행자,남,77세,중상
3977,2020090200100089,2020년 9월 2일 08시,수요일,전라북도 익산시 남중동,중상사고,0,1,0,0,차대사람 - 기타,신호위반,포장 - 젖음/습기,비,단일로 - 기타,승용,여,59세,상해없음,보행자,남,27세,중상
3978,2020090200100177,2020년 9월 2일 12시,수요일,전라북도 남원시 금동,경상사고,0,0,1,0,차대사람 - 기타,안전운전불이행,포장 - 건조,맑음,단일로 - 기타,화물,여,67세,상해없음,보행자,여,75세,경상
3979,2020090200100352,2020년 9월 2일 18시,수요일,전라북도 군산시 오식도동,중상사고,0,1,0,0,차대사람 - 길가장자리구역통행중,신호위반,포장 - 젖음/습기,비,교차로 - 교차로횡단보도내,화물,남,60세,상해없음,보행자,남,56세,중상
3980,2020090200100353,2020년 9월 2일 18시,수요일,전라북도 무주군 무주읍,중상사고,0,1,0,0,차대사람 - 보도통행중,기타,포장 - 젖음/습기,비,단일로 - 지하차도(도로)내,승용,남,53세,상해없음,보행자,남,53세,중상
3981,2020090200100452,2020년 9월 2일 20시,수요일,전라북도 익산시 어양동,경상사고,0,0,1,0,차대사람 - 횡단중,보행자보호의무위반,포장 - 젖음/습기,비,교차로 - 교차로횡단보도내,승용,남,67세,상해없음,보행자,남,24세,경상
3982,2020090200100453,2020년 9월 2일 20시,수요일,전라북도 익산시 어양동,경상사고,0,0,1,0,차대사람 - 횡단중,안전운전불이행,포장 - 젖음/습기,비,교차로 - 교차로안,승용,남,48세,상해없음,보행자,남,35세,경상
3983,2020090300100069,2020년 9월 3일 07시,목요일,전라북도 정읍시 시기동,중상사고,0,1,0,0,차대사람 - 횡단중,안전운전불이행,포장 - 건조,흐림,교차로 - 교차로안,승용,남,70세,상해없음,보행자,여,69세,중상
3984,2020090300100286,2020년 9월 3일 15시,목요일,전라북도 군산시 수송동,경상사고,0,0,1,0,차대사람 - 기타,안전운전불이행,포장 - 건조,맑음,교차로 - 교차로부근,승용,여,48세,상해없음,보행자,여,67세,경상
3985,2020090400100158,2020년 9월 4일 10시,금요일,전라북도 전주시 완산구 효자동2가,경상사고,0,0,1,0,차대사람 - 횡단중,안전운전불이행,포장 - 건조,맑음,교차로 - 교차로횡단보도내,화물,남,67세,상해없음,보행자,여,76세,경상
3986,2020090400100364,2020년 9월 4일 16시,금요일,전라북도 군산시 경장동,경상사고,0,0,1,0,차대사람 - 기타,보행자보호의무위반,포장 - 건조,맑음,교차로 - 교차로횡단보도내,화물,남,21세,상해없음,보행자,여,62세,경상
3987,2020090400100418,2020년 9월 4일 17시,금요일,전라북도 남원시 노암동,경상사고,0,0,1,0,차대사람 - 횡단중,안전운전불이행,포장 - 건조,맑음,단일로 - 기타,승용,남,53세,상해없음,보행자,여,54세,경상
3988,2020090400100461,2020년 9월 4일 18시,금요일,전라북도 군산시 나운동,부상신고사고,0,0,0,1,차대사람 - 차도통행중,안전운전불이행,포장 - 건조,맑음,단일로 - 기타,승용,여,53세,상해없음,보행자,남,22세,부상신고
3989,2020090400100579,2020년 9월 4일 21시,금요일,전라북도 전주시 덕진구 송천동2가,경상사고,0,0,1,0,차대사람 - 횡단중,안전운전불이행,포장 - 건조,맑음,교차로 - 교차로안,이륜,남,30세,상해없음,보행자,여,51세,경상
3990,2020090500100305,2020년 9월 5일 15시,토요일,전라북도 남원시 하정동,경상사고,0,0,1,0,차대사람 - 기타,안전운전불이행,포장 - 건조,맑음,단일로 - 기타,승용,여,59세,상해없음,보행자,남,8세,경상
3991,2020090600100044,2020년 9월 6일 04시,일요일,전라북도 익산시 영등동,경상사고,0,0,1,0,차대사람 - 기타,안전운전불이행,포장 - 건조,맑음,교차로 - 교차로부근,승용,남,22세,상해없음,보행자,남,29세,경상
3992,2020090800100394,2020년 9월 8일 16시,화요일,전라북도 장수군 산서면,경상사고,0,0,1,0,차대사람 - 기타,안전운전불이행,포장 - 건조,맑음,단일로 - 기타,화물,남,38세,상해없음,보행자,여,85세,경상
3993,2020090800100435,2020년 9월 8일 17시,화요일,전라북도 전주시 완산구 평화동1가,경상사고,0,0,1,0,차대사람 - 기타,기타,포장 - 건조,맑음,단일로 - 기타,승합,남,60세,상해없음,보행자,여,79세,경상
3994,2020090800100559,2020년 9월 8일 20시,화요일,전라북도 익산시 어양동,경상사고,0,0,1,0,차대사람 - 길가장자리구역통행중,안전운전불이행,포장 - 건조,맑음,단일로 - 기타,승용,여,26세,상해없음,보행자,남,48세,경상
3995,2020090900100063,2020년 9월 9일 07시,수요일,전라북도 완주군 봉동읍,경상사고,0,0,1,0,차대사람 - 기타,안전운전불이행,포장 - 건조,맑음,기타 - 기타,기타불명,기타불명,미분류,기타불명,보행자,남,65세,경상
3996,2020090900100138,2020년 9월 9일 10시,수요일,전라북도 전주시 덕진구 반월동,경상사고,0,0,1,0,차대사람 - 보도통행중,안전운전불이행,포장 - 젖음/습기,비,단일로 - 기타,기타불명,기타불명,미분류,기타불명,보행자,여,71세,경상
3997,2020090900100204,2020년 9월 9일 12시,수요일,전라북도 전주시 덕진구 인후동1가,경상사고,0,0,1,0,차대사람 - 보도통행중,보행자보호의무위반,포장 - 건조,맑음,교차로 - 교차로횡단보도내,승용,남,70세,상해없음,보행자,남,6세,경상
3998,2020090900100437,2020년 9월 9일 19시,수요일,전라북도 전주시 완산구 삼천동1가,중상사고,0,1,0,0,차대사람 - 횡단중,신호위반,포장 - 젖음/습기,비,교차로 - 교차로횡단보도내,승용,남,26세,상해없음,보행자,여,63세,중상
3999,2020091000100263,2020년 9월 10일 14시,목요일,전라북도 전주시 완산구 중화산동2가,경상사고,0,0,1,0,차대사람 - 보도통행중,보행자보호의무위반,포장 - 건조,맑음,교차로 - 교차로횡단보도내,승용,여,51세,상해없음,보행자,여,27세,경상
4000,2020091000100332,2020년 9월 10일 16시,목요일,전라북도 전주시 완산구 삼천동1가,경상사고,0,0,1,0,차대사람 - 횡단중,보행자보호의무위반,포장 - 건조,맑음,교차로 - 교차로횡단보도내,승용,여,62세,상해없음,보행자,남,8세,경상
4001,2020091000100437,2020년 9월 10일 18시,목요일,전라북도 전주시 덕진구 인후동1가,경상사고,0,0,1,0,차대사람 - 횡단중,안전운전불이행,포장 - 건조,맑음,단일로 - 기타,승용,남,40세,상해없음,보행자,여,73세,경상
4002,2020091100100041,2020년 9월 11일 05시,금요일,전라북도 익산시 모현동2가,경상사고,0,0,1,0,차대사람 - 횡단중,보행자보호의무위반,포장 - 건조,맑음,교차로 - 교차로횡단보도내,이륜,남,55세,상해없음,보행자,여,75세,경상
4003,2020091100100071,2020년 9월 11일 07시,금요일,전라북도 전주시 덕진구 진북동,중상사고,0,1,0,0,차대사람 - 길가장자리구역통행중,안전운전불이행,포장 - 건조,맑음,단일로 - 기타,승용,남,25세,상해없음,보행자,여,65세,중상
4004,2020091100100182,2020년 9월 11일 11시,금요일,전라북도 임실군 관촌면,경상사고,0,0,1,0,차대사람 - 보도통행중,기타,포장 - 건조,맑음,단일로 - 지하차도(도로)내,승용,남,84세,상해없음,보행자,남,64세,경상
4005,2020091100100262,2020년 9월 11일 14시,금요일,전라북도 군산시 선양동,사망사고,1,0,0,0,차대사람 - 횡단중,안전운전불이행,포장 - 건조,흐림,교차로 - 교차로안,승용,여,39세,상해없음,보행자,여,76세,사망
4006,2020091100100488,2020년 9월 11일 19시,금요일,전라북도 정읍시 장명동,중상사고,0,1,0,0,차대사람 - 차도통행중,안전운전불이행,포장 - 젖음/습기,비,교차로 - 교차로부근,승용,남,57세,상해없음,보행자,여,79세,중상
4007,2020091100100556,2020년 9월 11일 20시,금요일,전라북도 익산시 부송동,경상사고,0,0,1,0,차대사람 - 횡단중,보행자보호의무위반,포장 - 젖음/습기,비,단일로 - 기타,승용,남,57세,상해없음,보행자,남,23세,경상
4008,2020091100100608,2020년 9월 11일 21시,금요일,전라북도 익산시 영등동,경상사고,0,0,1,0,차대사람 - 차도통행중,안전운전불이행,포장 - 젖음/습기,비,교차로 - 교차로안,승용,남,37세,상해없음,보행자,남,56세,경상
4009,2020091200100058,2020년 9월 12일 03시,토요일,전라북도 고창군 고창읍,경상사고,0,0,1,0,차대사람 - 횡단중,안전운전불이행,포장 - 젖음/습기,비,교차로 - 교차로안,승용,남,42세,상해없음,보행자,여,30세,경상
4010,2020091200100581,2020년 9월 12일 22시,토요일,전라북도 군산시 삼학동,부상신고사고,0,0,0,1,차대사람 - 차도통행중,안전운전불이행,포장 - 건조,맑음,교차로 - 교차로안,승용,남,59세,상해없음,보행자,남,59세,부상신고
4011,2020091300100241,2020년 9월 13일 14시,일요일,전라북도 남원시 월락동,중상사고,0,1,0,0,차대사람 - 기타,안전운전불이행,포장 - 건조,맑음,단일로 - 기타,승용,남,53세,상해없음,보행자,남,32세,중상
4012,2020091300100313,2020년 9월 13일 16시,일요일,전라북도 진안군 주천면,중상사고,0,1,0,0,차대사람 - 횡단중,안전운전불이행,포장 - 건조,맑음,단일로 - 기타,이륜,남,49세,상해없음,보행자,남,87세,중상
4013,2020091400100048,2020년 9월 14일 06시,월요일,전라북도 군산시 경암동,경상사고,0,0,1,0,차대사람 - 차도통행중,안전운전불이행,포장 - 건조,맑음,단일로 - 기타,화물,남,76세,상해없음,보행자,여,54세,경상
4014,2020091400100115,2020년 9월 14일 08시,월요일,전라북도 익산시 남중동,경상사고,0,0,1,0,차대사람 - 기타,안전운전불이행,포장 - 건조,맑음,단일로 - 기타,승용,남,58세,상해없음,보행자,남,44세,경상
4015,2020091400100447,2020년 9월 14일 17시,월요일,전라북도 부안군 부안읍,중상사고,0,1,0,0,차대사람 - 기타,불법유턴,포장 - 건조,맑음,교차로 - 교차로안,승용,여,36세,상해없음,보행자,여,17세,중상
4016,2020091400100566,2020년 9월 14일 20시,월요일,전라북도 익산시 목천동,사망사고,1,0,0,0,차대사람 - 차도통행중,안전운전불이행,포장 - 건조,맑음,단일로 - 기타,승용,남,24세,상해없음,보행자,남,76세,사망
4017,2020091400100611,2020년 9월 14일 22시,월요일,전라북도 익산시 마동,경상사고,0,0,1,0,차대사람 - 기타,보행자보호의무위반,포장 - 건조,맑음,단일로 - 기타,승용,남,31세,상해없음,보행자,남,60세,경상
4018,2020091500100410,2020년 9월 15일 17시,화요일,전라북도 전주시 덕진구 진북동,경상사고,0,0,1,0,차대사람 - 기타,안전운전불이행,포장 - 건조,맑음,단일로 - 기타,승용,여,48세,상해없음,보행자,남,64세,경상
4019,2020091600100089,2020년 9월 16일 08시,수요일,전라북도 전주시 덕진구 인후동1가,중상사고,0,1,0,0,차대사람 - 횡단중,안전운전불이행,포장 - 젖음/습기,비,단일로 - 기타,승용,남,35세,상해없음,보행자,여,80세,중상
4020,2020091600100167,2020년 9월 16일 10시,수요일,전라북도 정읍시 수성동,경상사고,0,0,1,0,차대사람 - 차도통행중,안전운전불이행,포장 - 건조,흐림,교차로 - 교차로부근,승용,남,65세,상해없음,보행자,남,61세,경상
4021,2020091600100195,2020년 9월 16일 11시,수요일,전라북도 전주시 덕진구 금암동,중상사고,0,2,0,0,차대사람 - 길가장자리구역통행중,안전운전불이행,포장 - 건조,맑음,단일로 - 기타,승용,여,70세,상해없음,보행자,여,77세,중상
4022,2020091600100196,2020년 9월 16일 11시,수요일,전라북도 익산시 마동,중상사고,0,1,0,0,차대사람 - 횡단중,보행자보호의무위반,포장 - 건조,맑음,교차로 - 교차로횡단보도내,화물,남,41세,상해없음,보행자,여,65세,중상
4023,2020091600100341,2020년 9월 16일 16시,수요일,전라북도 익산시 평화동,중상사고,0,1,0,0,차대사람 - 횡단중,안전운전불이행,포장 - 젖음/습기,비,단일로 - 기타,승용,남,63세,상해없음,보행자,여,68세,중상
4024,2020091600100470,2020년 9월 16일 19시,수요일,전라북도 군산시 미장동,중상사고,0,1,0,0,차대사람 - 횡단중,보행자보호의무위반,포장 - 젖음/습기,흐림,교차로 - 교차로안,승용,여,50세,상해없음,보행자,남,76세,중상
4025,2020091600100548,2020년 9월 16일 22시,수요일,전라북도 고창군 고창읍,경상사고,0,0,1,0,차대사람 - 보도통행중,안전운전불이행,포장 - 건조,맑음,기타 - 기타,승용,남,49세,상해없음,보행자,여,20세,경상
4026,2020091700100165,2020년 9월 17일 10시,목요일,전라북도 정읍시 연지동,중상사고,0,1,0,0,차대사람 - 횡단중,보행자보호의무위반,포장 - 건조,흐림,교차로 - 교차로횡단보도내,승용,남,76세,상해없음,보행자,남,85세,중상
4027,2020091700100283,2020년 9월 17일 14시,목요일,전라북도 전주시 완산구 평화동1가,사망사고,1,0,0,0,차대사람 - 기타,안전운전불이행,포장 - 건조,맑음,기타 - 기타,승용,여,57세,상해없음,보행자,여,58세,사망
4028,2020091700100431,2020년 9월 17일 18시,목요일,전라북도 전주시 덕진구 인후동1가,중상사고,0,1,0,0,차대사람 - 횡단중,보행자보호의무위반,포장 - 건조,맑음,교차로 - 교차로안,승용,여,63세,상해없음,보행자,남,13세,중상
4029,2020091700100592,2020년 9월 17일 23시,목요일,전라북도 전주시 덕진구 중동,중상사고,0,1,0,0,차대사람 - 횡단중,안전운전불이행,포장 - 건조,맑음,교차로 - 교차로안,승용,남,40세,상해없음,보행자,남,40세,중상
4030,2020091800100427,2020년 9월 18일 16시,금요일,전라북도 전주시 완산구 효자동2가,경상사고,0,0,1,0,차대사람 - 횡단중,안전운전불이행,포장 - 건조,맑음,교차로 - 교차로안,기타불명,기타불명,미분류,기타불명,보행자,여,25세,경상
4031,2020091800100428,2020년 9월 18일 16시,금요일,전라북도 익산시 남중동,중상사고,0,1,0,0,차대사람 - 횡단중,보행자보호의무위반,포장 - 건조,맑음,교차로 - 교차로안,화물,남,65세,상해없음,보행자,여,76세,중상
4032,2020091800100703,2020년 9월 18일 22시,금요일,전라북도 익산시 영등동,경상사고,0,0,1,0,차대사람 - 횡단중,신호위반,포장 - 건조,맑음,교차로 - 교차로횡단보도내,승용,남,72세,상해없음,보행자,여,16세,경상
4033,2020091900100120,2020년 9월 19일 08시,토요일,전라북도 군산시 금동,중상사고,0,1,0,0,차대사람 - 기타,안전운전불이행,포장 - 건조,맑음,단일로 - 기타,화물,남,67세,상해없음,보행자,여,59세,중상
4034,2020091900100706,2020년 9월 19일 23시,토요일,전라북도 익산시 영등동,경상사고,0,0,1,0,차대사람 - 차도통행중,안전운전불이행,포장 - 건조,맑음,단일로 - 기타,승용,남,23세,상해없음,보행자,남,46세,경상
4035,2020092000100266,2020년 9월 20일 14시,일요일,전라북도 전주시 완산구 풍남동3가,중상사고,0,1,0,1,차대사람 - 길가장자리구역통행중,안전운전불이행,포장 - 건조,맑음,단일로 - 기타,이륜,남,30세,부상신고,보행자,여,41세,중상
4036,2020092000100305,2020년 9월 20일 15시,일요일,전라북도 군산시 나운동,부상신고사고,0,0,0,1,차대사람 - 기타,보행자보호의무위반,포장 - 건조,맑음,교차로 - 교차로횡단보도내,원동기,남,19세,상해없음,보행자,남,5세,부상신고
4037,2020092000100438,2020년 9월 20일 19시,일요일,전라북도 전주시 완산구 중노송동,경상사고,0,0,2,0,차대사람 - 횡단중,보행자보호의무위반,포장 - 건조,맑음,단일로 - 기타,승용,여,60세,상해없음,보행자,여,52세,경상
4038,2020092100100038,2020년 9월 21일 05시,월요일,전라북도 완주군 용진읍,사망사고,1,0,0,0,차대사람 - 횡단중,안전운전불이행,포장 - 건조,맑음,교차로 - 교차로횡단보도내,승용,남,64세,상해없음,보행자,여,80세,사망
4039,2020092100100156,2020년 9월 21일 09시,월요일,전라북도 익산시 부송동,경상사고,0,0,1,0,차대사람 - 보도통행중,보행자보호의무위반,포장 - 건조,맑음,단일로 - 기타,승용,남,36세,상해없음,보행자,여,57세,경상
4040,2020092100100157,2020년 9월 21일 09시,월요일,전라북도 정읍시 수성동,경상사고,0,0,2,0,차대사람 - 기타,안전운전불이행,포장 - 건조,맑음,단일로 - 기타,승용,남,79세,상해없음,보행자,여,64세,경상
4041,2020092100100277,2020년 9월 21일 12시,월요일,전라북도 전주시 완산구 중앙동3가,경상사고,0,0,1,0,차대사람 - 차도통행중,안전운전불이행,포장 - 건조,맑음,단일로 - 기타,승용,여,39세,상해없음,보행자,여,57세,경상
4042,2020092100100684,2020년 9월 21일 21시,월요일,전라북도 익산시 신동,경상사고,0,0,1,0,차대사람 - 기타,안전운전불이행,포장 - 건조,맑음,단일로 - 기타,승용,남,50세,상해없음,보행자,여,44세,경상
4043,2020092300100276,2020년 9월 23일 13시,수요일,전라북도 전주시 완산구 고사동,중상사고,0,1,0,0,차대사람 - 횡단중,안전운전불이행,포장 - 건조,맑음,교차로 - 교차로안,화물,남,47세,상해없음,보행자,여,61세,중상
4044,2020092300100278,2020년 9월 23일 13시,수요일,전라북도 순창군 구림면,경상사고,0,0,1,0,차대사람 - 기타,안전운전불이행,포장 - 건조,흐림,단일로 - 기타,승용,여,74세,상해없음,보행자,여,71세,경상
4045,2020092300100319,2020년 9월 23일 14시,수요일,전라북도 김제시 요촌동,경상사고,0,0,1,0,차대사람 - 횡단중,안전운전불이행,포장 - 건조,맑음,교차로 - 교차로안,승용,남,48세,상해없음,보행자,여,22세,경상
4046,2020092300100586,2020년 9월 23일 20시,수요일,전라북도 전주시 덕진구 인후동1가,중상사고,0,1,0,0,차대사람 - 횡단중,신호위반,포장 - 건조,맑음,교차로 - 교차로안,승용,남,24세,상해없음,보행자,남,61세,중상
4047,2020092300100605,2020년 9월 23일 21시,수요일,전라북도 익산시 신동,경상사고,0,0,1,0,차대사람 - 기타,안전운전불이행,포장 - 건조,맑음,단일로 - 기타,승용,남,61세,상해없음,보행자,남,19세,경상
4048,2020092400100331,2020년 9월 24일 14시,목요일,전라북도 익산시 동산동,경상사고,0,0,1,0,차대사람 - 횡단중,안전운전불이행,포장 - 건조,맑음,교차로 - 교차로부근,승용,여,28세,상해없음,보행자,남,82세,경상
4049,2020092500100283,2020년 9월 25일 13시,금요일,전라북도 무주군 안성면,사망사고,1,0,0,0,차대사람 - 차도통행중,안전운전불이행,포장 - 건조,맑음,교차로 - 교차로안,화물,남,51세,상해없음,보행자,여,86세,사망
4050,2020092600100033,2020년 9월 26일 02시,토요일,전라북도 군산시 나운동,중상사고,0,1,0,0,차대사람 - 기타,안전운전불이행,포장 - 건조,맑음,주차장 - 주차장,승용,남,27세,상해없음,보행자,남,44세,중상
4051,2020092600100281,2020년 9월 26일 12시,토요일,전라북도 익산시 영등동,경상사고,0,0,1,0,차대사람 - 기타,안전운전불이행,포장 - 건조,맑음,단일로 - 기타,승용,남,70세,상해없음,보행자,남,24세,경상
4052,2020092600100462,2020년 9월 26일 16시,토요일,전라북도 전주시 완산구 중화산동2가,중상사고,0,1,0,0,차대사람 - 기타,안전운전불이행,포장 - 건조,맑음,단일로 - 기타,승합,남,55세,상해없음,보행자,남,59세,중상
4053,2020092600100589,2020년 9월 26일 19시,토요일,전라북도 군산시 명산동,경상사고,0,0,1,0,차대사람 - 횡단중,보행자보호의무위반,포장 - 건조,맑음,교차로 - 교차로횡단보도내,승용,남,74세,상해없음,보행자,남,47세,경상